fname,rmse
567,25.634232
596,20.981886
588,20.32035
591,24.543324
575,26.129858
563,20.657492
540,25.23329
559,22.016333
584,23.789227
570,17.634382
552,20.820683
544,20.47637
,22.35311892
