fname,rmse
567,22.425997
596,17.832567
588,18.826487
591,20.916145
575,22.743517
563,18.48805
540,22.721628
559,20.015371
584,22.229399
570,16.24905
552,17.21854
544,17.686695
