fname,rmse
567,22.561678
596,17.803745
588,18.443151
591,21.035
575,22.637764
563,18.130287
540,22.540003
559,19.788788
584,22.093985
570,16.117989
552,17.12817
544,17.514544
